{"loss": [1.4496435464859008, 0.9492696080398559], "accuracy": [0.5179399847984314, 0.667900025844574], "val_loss": [1.0820050743103027, 1.2087482452392577], "val_accuracy": [0.6200000047683716, 0.5914000272750854]}