{"loss": [1.4505587548446655, 0.9298857890701294, 0.7984500379943847, 0.7071516518211365, 0.647394414100647, 0.594091597366333, 0.549709752407074, 0.5063644807624816, 0.47496271810531615, 0.45216383331298826, 0.4257214479446411, 0.4061325394058228, 0.3949118588066101, 0.37918303142547605, 0.3604988768672943, 0.3491387461566925, 0.3309216990566254, 0.324809942073822, 0.3167051501941681, 0.3071097938346863, 0.3064121152973175, 0.2856824625873566, 0.27797046605587006, 0.2745068729305267, 0.26571391310215, 0.2626489523887634, 0.25338780775547026, 0.2526264183855057, 0.24601047389030456, 0.23621350003123284, 0.2379676541519165, 0.23587633750915526, 0.22890855609893798, 0.22408809435367585, 0.2226273843860626, 0.21445045744419097, 0.20650786671757698, 0.2117185192489624, 0.21003594603061676, 0.20034166299819947, 0.20101880788564683, 0.1903894124531746, 0.1915555919766426, 0.19086709232032298, 0.19169888628959655, 0.1831642259144783, 0.18738872451841831, 0.18245502276659012, 0.1744674944593077], "accuracy": [0.5178200006484985, 0.6769599914550781, 0.7222599983215332, 0.7535399794578552, 0.7749199867248535, 0.7954199910163879, 0.8100000023841858, 0.8255199790000916, 0.8348399996757507, 0.8441799879074097, 0.8518800139427185, 0.8593599796295166, 0.8647199869155884, 0.8706799745559692, 0.8776800036430359, 0.8801400065422058, 0.8888800144195557, 0.8884199857711792, 0.8920199871063232, 0.8959000110626221, 0.8977000117301941, 0.9027799963951111, 0.9067400097846985, 0.9075800180435181, 0.9121599793434143, 0.9113799929618835, 0.9144799709320068, 0.9152600169181824, 0.9178400039672852, 0.9202799797058105, 0.9211199879646301, 0.9225000143051147, 0.925320029258728, 0.9256799817085266, 0.928879976272583, 0.9294599890708923, 0.9320600032806396, 0.930840015411377, 0.9322199821472168, 0.9358999729156494, 0.9345200061798096, 0.9373000264167786, 0.9371600151062012, 0.9367600083351135, 0.9378200173377991, 0.9406200051307678, 0.9399200081825256, 0.9415199756622314, 0.9435815811157227], "val_loss": [1.1671744449615478, 1.0973508483886718, 0.8400233432769776, 0.7774771492958069, 1.4261710939407348, 0.6897388605117798, 0.7723631507873535, 0.5935046931266784, 0.6266482242584228, 0.6360184177398681, 0.6438961975097657, 0.6864604305267334, 0.6916947526931763, 0.6382423000335693, 0.6914353025436402, 0.6991417768478394, 0.7066115821838379, 0.9016031717300415, 0.6629241958618164, 0.7623794085502624, 0.7913803519248962, 0.6439298622131348, 0.9348608254432679, 0.7428143314361573, 0.9515338369369507, 0.6617602643966675, 0.8404294542312623, 0.6670084481239319, 0.6477194302558898, 0.6689984870910645, 0.8274160671234131, 0.7561298440933227, 0.8530015908241272, 0.740247359085083, 1.1297376441955567, 0.7425153083801269, 0.76202712392807, 0.8672006914138793, 0.8039671105384827, 0.664053886795044, 0.7077894344329834, 0.8778773112773895, 0.7757170034408569, 0.9162452499389648, 0.6718917943954468, 0.9093445789337158, 0.7022388369560242, 0.9353809918403625], "val_accuracy": [0.6021000146865845, 0.6251999735832214, 0.7020000219345093, 0.7358999848365784, 0.5634999871253967, 0.7689999938011169, 0.7473000288009644, 0.8051000237464905, 0.7998999953269958, 0.7875000238418579, 0.7979999780654907, 0.7980999946594238, 0.8151999711990356, 0.8044999837875366, 0.8004999756813049, 0.7954000234603882, 0.795199990272522, 0.7911999821662903, 0.795199990272522, 0.7989000082015991, 0.7538999915122986, 0.8201000094413757, 0.7814000248908997, 0.7886000275611877, 0.7968999743461609, 0.821399986743927, 0.8009999990463257, 0.8154000043869019, 0.8127999901771545, 0.8259000182151794, 0.795799970626831, 0.8162000179290771, 0.8133999705314636, 0.8137000203132629, 0.8021000027656555, 0.8267999887466431, 0.8356000185012817, 0.8180999755859375, 0.8363999724388123, 0.8191999793052673, 0.8195000290870667, 0.8245999813079834, 0.838100016117096, 0.8220000267028809, 0.8144999742507935, 0.8148999810218811, 0.8338000178337097, 0.8289999961853027]}